IP,Name,Pwd,Mail
192.168.1.111,ricky,123,Thu Jan  1 00:00:00 1970
192.168.1.101,gary,123,Thu Jan  1 00:00:00 1970
192.168.1.1,Tom,123,shane@creek.com.tw
192.168.1.1,Tom,123,shane@creek.com.tw
192.168.1.2,May,123,shane@creek.com.tw
192.168.1.3,Gary,123,shane@creek.com.tw
192.168.1.4,Shane,123,shane@creek.com.tw
192.168.1.5,Tom,123,shane@creek.com.tw
192.168.1.6,May,123,shane@creek.com.tw
192.168.1.7,Gary,123,shane@creek.com.tw
192.168.1.8,Shane,123,shane@creek.com.tw
192.168.1.9,Tom,123,shane@creek.com.tw
192.168.1.10,May,123,shane@creek.com.tw
192.168.1.11,Gary,123,shane@creek.com.tw
192.168.1.12,Shane,123,shane@creek.com.tw
192.168.1.13,Tom,123,shane@creek.com.tw
192.168.1.14,May,123,shane@creek.com.tw
192.168.1.15,Gary,123,shane@creek.com.tw
192.168.1.16,Shane,123,shane@creek.com.tw
192.168.1.17,Tom,123,shane@creek.com.tw
192.168.1.18,May,123,shane@creek.com.tw
192.168.1.19,Gary,123,shane@creek.com.tw
192.168.1.20,Shane,123,shane@creek.com.tw
192.168.1.21,John,123,shane@creek.com.tw
192.168.1.22,Bum,123,shane@creek.com.tw
